{"cameraMode":{"drawMode":0,"name":"Shaded","section":"Shading Mode"},"sceneLighting":true,"audioPlay":false,"sceneViewState":{"m_AlwaysRefresh":false,"showFog":true,"showSkybox":true,"showFlares":true,"showImageEffects":true,"showParticleSystems":true,"showVisualEffectGraphs":true,"m_FxEnabled":true},"in2DMode":false,"pivot":{"x":485.1260986328125,"y":251.411376953125,"z":-28.42279052734375},"rotation":{"x":0.014904631301760674,"y":0.11225064098834992,"z":-0.0016839955933392048,"w":0.993567943572998},"size":419.5456848144531,"orthographic":true}